Position,2mxu,2lnq,2m4j,5kk3,1iyt,2beg,2lmn,2lmp,5oqv,2nao
1,Nan,Nan,Nan,Nan,Nan,Nan,Nan,Nan,Nan,Nan
2,Nan,Nan,Nan,Nan,Nan,Nan,Nan,Nan,Nan,Strand
3,Nan,Nan,Bridge,Nan,Bend,Nan,Nan,Nan,Strand,Strand
4,Nan,Nan,Nan,Nan,Bend,Nan,Nan,Nan,Strand,Strand
5,Nan,Nan,Nan,Nan,Bend,Nan,Nan,Nan,Strand,Strand
6,Nan,Nan,Nan,Nan,Turn,Nan,Nan,Nan,Strand,Strand
7,Nan,Nan,Nan,Nan,Turn,Nan,Nan,Nan,Strand,Bend
8,Nan,Nan,Nan,Nan,Helix,Nan,Nan,Nan,Strand,Bend
9,Nan,Nan,Nan,Nan,Helix,Nan,Nan,Nan,Strand,Nan
10,Nan,Nan,Nan,Nan,Helix,Nan,Nan,Nan,Strand,Nan
11,Nan,Nan,Nan,Nan,Helix,Nan,Nan,Nan,Strand,Nan
12,Strand,Nan,Strand,Nan,Helix,Nan,Strand,Bridge,Strand,Bend
13,Strand,Nan,Strand,Nan,Helix,Nan,Strand,Nan,Strand,Nan
14,Strand,Nan,Nan,Bend,Helix,Nan,Nan,Nan,Strand,Bend
15,Strand,Nan,Nan,Strand,Helix,Nan,Nan,Nan,Strand,Strand
16,Strand,Strand,Nan,Strand,Helix,Nan,Nan,Strand,Strand,Strand
17,Strand,Strand,Nan,Strand,Helix,Nan,Strand,Strand,Strand,Strand
18,Strand,Strand,Strand,Strand,Helix,Strand,Strand,Strand,Strand,Nan
19,Nan,Strand,Strand,Strand,Helix,Strand,Strand,Strand,Strand,Bend
20,Bend,Strand,Bend,Bend,Helix,Strand,Strand,Strand,Strand,Nan
21,Nan,Strand,Nan,Nan,Helix,Strand,Strand,Strand,Strand,Bend
22,Bend,Nan,Bridge,Bend,Helix,Strand,Strand,Strand,Strand,Bend
23,Nan,Nan,Nan,Nan,Helix,Strand,Nan,Nan,Bend,Nan
24,Strand,Bend,Nan,Strand,Helix,Strand,Nan,Nan,Nan,Nan
25,Strand,Bend,Nan,Strand,Helix,Strand,Bend,Bend,Bend,Bend
26,Strand,Nan,Nan,Strand,Turn,Strand,Nan,Bend,Nan,Nan
27,Strand,Bend,Bend,Strand,Turn,Bend,Nan,Nan,Nan,Bridge
28,Strand,Bend,Nan,Strand,Helix,Nan,Nan,Nan,Strand,Bend
29,Strand,Bend,Nan,Strand,Helix,Nan,Nan,Nan,Strand,Bend
30,Strand,Nan,Nan,Strand,Helix,Bend,Strand,Nan,Strand,Nan
31,Strand,Strand,Nan,Strand,Helix,Strand,Strand,Strand,Strand,Bridge
32,Strand,Strand,Nan,Strand,Helix,Strand,Strand,Strand,Strand,Nan
33,Bend,Strand,Bend,Nan,Helix,Strand,Strand,Strand,Strand,Nan
34,Nan,Strand,Nan,Bend,Helix,Strand,Strand,Strand,Strand,Turn
35,Nan,Strand,Strand,Bridge,Helix,Strand,Strand,Strand,Strand,Turn
36,Strand,Bend,Strand,Nan,Helix,Strand,Nan,Strand,Nan,Nan
37,Strand,Bend,Bend,Nan,Helix,Strand,Nan,Nan,Bend,Nan
38,Strand,Nan,Bend,Nan,Helix,Strand,Nan,Bend,Nan,Nan
39,Strand,Nan,Nan,Strand,Helix,Strand,Nan,Nan,Nan,Nan
40,Strand,Nan,Nan,Strand,Bend,Strand,Nan,Nan,Strand,Strand
41,Strand,Nan,Nan,Strand,Nan,Strand,Nan,Nan,Strand,Strand
42,Nan,Nan,Nan,Nan,Nan,Nan,Nan,Nan,Nan,Nan